﻿{"cameraMode":{"drawMode":0,"name":"Shaded","section":"Shading Mode"},"sceneLighting":false,"audioPlay":false,"sceneViewState":{"showFog":true,"showMaterialUpdate":false,"showSkybox":false,"showFlares":true,"showImageEffects":true,"showParticleSystems":true},"in2DMode":false,"pivot":{"x":0.5616118907928467,"y":-0.10948441922664643,"z":0.5328286290168762},"rotation":{"x":0.15452580153942109,"y":0.18931221961975099,"z":-0.030256517231464387,"w":0.969262421131134},"size":0.945234477519989,"orthographic":false}