﻿{"cameraMode":{"drawMode":0,"name":"Shaded","section":"Shading Mode"},"sceneLighting":true,"audioPlay":false,"sceneViewState":{"showFog":true,"showMaterialUpdate":false,"showSkybox":true,"showFlares":true,"showImageEffects":true,"showParticleSystems":true},"in2DMode":false,"pivot":{"x":-4.127407550811768,"y":-3.4494075775146486,"z":14.886632919311524},"rotation":{"x":-0.16153067350387574,"y":0.14861391484737397,"z":-0.02453390322625637,"w":-0.9753609895706177},"size":20.188648223876954,"orthographic":false}